run_ID,t1_initial,t2_initial,t3_initial,t4_initial,t5_initial,t6_initial,t7_initial,t8_initial,t9_initial,t10_initial,t11_initial,t12_initial,alpha,prior_cost_c,lambda,k,sample_amount,learning_parameter,generations,t1_final,t2_final,t3_final,t4_final,t5_final,t6_final,t7_final,t8_final,t9_final,t10_final,t11_final,t12_final
0,0.0104168353046,0.0498299713888,0.00673824627531,0.0122946594608,0.239521720119,0.0253798059382,0.0590434092472,0.164457135404,0.237480613847,0.0252834471373,0.120215099104,0.0493390567734,1,0.4,30,5,10,1,1,0.102142569125,0.0612855414748,0.102142569125,0.0895651014147,0.13034670678,0.0788341999076,0.102142569125,0.0612855414748,0.102142569125,0.0523422781469,0.0654279746126,0.0523423796901
